Keyword,Intent,Volume,Keyword Difficulty,CPC (USD),SERP Features
morse code numbers,Informational,6600,53,0.00,"Featured snippet, Sitelinks, AI Overview, Image pack, Video, People also ask, Related searches"
numbers in morse code,Informational,880,43,0.00,"Sitelinks, AI Overview, Image pack, Video, People also ask, Related searches"
morse code for numbers,Informational,590,40,0.00,"Sitelinks, AI Overview, Image pack, Video, People also ask, Related searches"
morse code translator numbers,Informational,590,60,0.00,"Sitelinks, Image pack, Video, People also ask, Related searches"
morse code in numbers,Informational,320,37,0.00,"Sitelinks, AI Overview, Image pack, Video, People also ask, Discussions and forums, Related searches"
morse code with numbers,Informational,320,35,0.00,"Sitelinks, AI Overview, Video, People also ask, Knowledge panel, Related searches"
morse code numbers translator,Informational,260,49,0.00,"Sitelinks, Image pack, Video, People also ask, Related searches"
numbers in morse code translator,"Informational, Commercial",260,48,0.00,"Sitelinks, Image pack, Video, People also ask, Related searches"
numbers morse code,Informational,260,25,0.00,"Sitelinks, AI Overview, Image pack, Video, People also ask, Related searches"
morse code numbers 1 10,Informational,110,29,0.00,"Sitelinks, Image pack, Video, People also ask, Related searches"
morse code alphabet and numbers,Informational,90,34,0.00,"Sitelinks, AI Overview, Image, Image pack, Video, People also ask, Related searches"
morse code to numbers,Informational,90,33,0.00,"Sitelinks, AI Overview, Image pack, Video, Related searches"
morse code numbers 1 100,Informational,50,28,0.00,"Sitelinks, AI Overview, Image pack, Video, People also ask, Related searches"
how to read morse code numbers,,30,,0.00,
morse code letters and numbers,,30,,0.00,
are there numbers in morse code,,20,,0.00,
does morse code have numbers,,20,,0.00,
how to do morse code numbers,,20,,0.00,
how to learn morse code numbers,,20,,0.00,
how to read morse code light numbers,,20,,0.00,
how to write numbers in morse code,,20,,0.00,
i love you in morse code numbers,,20,,0.00,
international morse code numbers,,20,,0.00,
letters and numbers in morse code,,20,,0.00,
light morse code numbers,,20,,0.00,
morse code alphabet and numbers chart,,20,,0.00,
morse code alphabet and numbers pdf,,20,,0.00,
morse code alphabet numbers,,20,,0.00,
morse code alphabet numbers and punctuation,,20,,0.00,
morse code chart numbers,,20,,0.00,
morse code cut numbers,,20,,0.00,
morse code decoder numbers,,20,,0.00,
morse code in numbers translator,,20,,0.00,
morse code into numbers,,20,,0.00,
morse code letters to numbers,,20,,0.00,
morse code light numbers,,20,,0.00,
morse code numbers 1 20,,20,,0.00,
morse code numbers 1 9,,20,,0.00,
morse code numbers 1-100,,20,,0.00,
morse code numbers and letters,,20,,0.00,
morse code numbers audio,,20,,0.00,
morse code numbers light,,20,,0.00,
morse code numbers sound,,20,,0.00,
morse code numbers to letters,,20,,0.00,
morse code numbers to words,,20,,0.00,
morse code pictures with numbers,,20,,0.00,
morse code sheet numbers,,20,,0.00,
morse code table numbers,,20,,0.00,
morse code to numbers converter,,20,,0.00,
morse code to numbers translator,,20,,0.00,
morse code translator audio numbers,,20,,0.00,
morse code translator audio to numbers,,20,,0.00,
morse code translator for numbers,,20,,0.00,
morse code translator into numbers,,20,,0.00,
morse code translator letters to numbers,,20,,0.00,
morse code translator numbers to letters,,20,,0.00,
